model,nsims,scipytime,rtol,atol,mxsteps,t_end,n_steps,cpu,GHz,num_cpu
tyson,10,0.66587805748,1e-06,1e-06,20000,100.0,100,diablo,3.40,1
tyson,100,0.667324781418,1e-06,1e-06,20000,100.0,100,diablo,3.40,1
tyson,1000,6.60820484161,1e-06,1e-06,20000,100.0,100,diablo,3.40,1
tyson,10000,65.6400220394,1e-06,1e-06,20000,100.0,100,diablo,3.40,1
tyson,100000,671.777458191,1e-06,1e-06,20000,100.0,100,diablo,3.40,1